method,survey_recall@100,regular_recall@100,best
bagging,0.011560693641618497,0.41379310344827586,True
simple,0.011560693641618497,0.41379310344827586,False
