,model,pr_auc_mean,pr_auc_std,lift@100_mean,lift@100_std
0,baseline,0.12154548866199795,0.015608197696685379,89.38518279569892,18.372023949976207
1,enhanced,0.5577325434492554,0.0023410191336398537,80.44676774193549,11.376675712006117
