,model,pr_auc_mean,pr_auc_std,lift@100_mean,lift@100_std
0,baseline,0.12336115687667362,0.01899744798531746,92.29883225806452,21.781690666930427
1,enhanced,0.5577325434492554,0.0023410191336398537,80.44676774193549,11.376675712006117
